case_id,operation,classification,form,inputs_escaped,codepoints_left,codepoints_right,expected_output,actual_output,expected_bool,actual_bool,exception,combining_classes,observation,pass
c01_empty_nfc,normalize_text,success,NFC,form=NFC text=,,,"""""","""""",,,,,empty string unchanged under NFC,PASS
c02_ascii_all_forms,normalize_text,success,,text=Hello!,U+0048|U+0065|U+006C|U+006C|U+006F|U+0021,,"{""NFC"": ""Hello!"", ""NFD"": ""Hello!"", ""NFKC"": ""Hello!"", ""NFKD"": ""Hello!""}","{""NFC"": ""Hello!"", ""NFD"": ""Hello!"", ""NFKC"": ""Hello!"", ""NFKD"": ""Hello!""}",,,,,ascii unchanged under all four forms,PASS
c03_e_acute_decompose,normalize_text,success,NFD,form=NFD text=\xe9,U+00E9,,"""é""","""é""",,,,0,precomposed é decomposing under NFD,PASS
c04_e_acute_compose,normalize_text,success,NFC,form=NFC text=e\u0301,U+0065|U+0301,,"""é""","""é""",,,,"0,230",e + U+0301 composing under NFC,PASS
c05_angstrom_sign_nfc,normalize_text,success,NFC,form=NFC text=\u212b,U+212B,,"""Å""","""Å""",,,,0,angstrom sign normalizing to U+00C5 under NFC,PASS
c06_ring_a_decompose,normalize_text,success,NFD,form=NFD text=\xc5,U+00C5,,"""Å""","""Å""",,,,0,U+00C5 decomposing to A + U+030A under NFD,PASS
c07_ligature_ffi_canonical_distinct,canonical_equal,canonical_distinct,,left=\ufb03 right=ffi,U+FB03,U+0066|U+0066|U+0069,False,,False,False,,,ligature U+FB03 staying distinct from ffi under NFC,PASS
c08_ligature_ffi_compat_equal,compatibility_equal,compatibility_equal,,left=\ufb03 right=ffi,U+FB03,U+0066|U+0066|U+0069,True,,True,True,,,the same ligature becoming ffi under NFKC,PASS
c09_circled_one,normalize_text,success,NFKC,form=NFKC text=\u2460,U+2460,,"""1""","""1""",,,,0,circled digit one becoming 1 under NFKC,PASS
c10_roman_nine,normalize_text,success,NFKC,form=NFKC text=\u2168,U+2168,,"""IX""","""IX""",,,,0,roman numeral nine becoming IX under NFKC,PASS
c11_superscript_five,normalize_text,success,NFKC,form=NFKC text=\u2075,U+2075,,"""5""","""5""",,,,0,superscript five becoming 5 under NFKC,PASS
c12_fullwidth_a,normalize_text,success,NFKC,form=NFKC text=\uff21,U+FF21,,"""A""","""A""",,,,0,fullwidth Ａ becoming ascii A under NFKC,PASS
c13_hangul_decompose,normalize_text,success,NFD,form=NFD text=\uac00,U+AC00,,"""가""","""가""",,,,0,Hangul 가 decomposing to its exact jamo sequence under NFD,PASS
c14_hangul_compose,normalize_text,success,NFC,form=NFC text=\u1100\u1161,U+1100|U+1161,,"""가""","""가""",,,,"0,0",that jamo sequence composing back to 가 under NFC,PASS
c15_combining_reorder,normalize_text,success,NFD,form=NFD text=a\u0301\u0327,U+0061|U+0301|U+0327,,"""á̧""","""á̧""",,,,"0,230,202",combining marks with different classes reordering canonically,PASS
c16_combining_equal_class_stable,normalize_text,success,NFD,form=NFD text=x\u0300\u0301,U+0078|U+0300|U+0301,,"""x̀́""","""x̀́""",,,,"0,230,230",combining marks with the same class keeping their original relative order,PASS
c17_bytes_reject_normalize,normalize_text,invalid_text,NFC,form=NFC text=b'',,,,,,,InvalidTextError,,a bytes value being rejected instead of decoded,PASS
c18_embedded_nul,normalize_text,success,NFC,form=NFC text=a\x00b,U+0061|U+0000|U+0062,,"""a\u0000b""","""a\u0000b""",,,,"0,0,0",an embedded NUL remaining a normal code point,PASS
c19_zwj_emoji,codepoints,success,,text=\U0001f469\u200d\U0001f52c,U+1F469|U+200D|U+1F52C,,"[""U+1F469"", ""U+200D"", ""U+1F52C""]","[""U+1F469"", ""U+200D"", ""U+1F52C""]",,,,,an emoji ZWJ sequence being shown as multiple code points without any grapheme claim,PASS
c20_regional_indicators,codepoints,success,,text=\U0001f1fa\U0001f1f8,U+1F1FA|U+1F1F8,,"[""U+1F1FA"", ""U+1F1F8""]","[""U+1F1FA"", ""U+1F1F8""]",,,,,regional indicator code points remaining separate code points,PASS
c21_sharp_s_key,local_identifier_key,success,,text=\xdf,U+00DF,,"""ss""","""ss""",,,,,ß producing ss through the local key policy,PASS
c22_greek_sigma_key_equal,local_identifier_key_equal,key_equal,,left=\u03a3 right=\u03c3,U+03A3,U+03C3,True,"""σ""",True,True,,,Greek capital sigma and small sigma producing the same key,PASS
c23_greek_final_sigma_key_equal,local_identifier_key_equal,key_equal,,left=\u03c2 right=\u03c3,U+03C2,U+03C3,True,"""σ""",True,True,,,Greek final sigma and small sigma producing the same key,PASS
c24_turkish_dotted_i,local_identifier_key,success,,text=\u0130,U+0130,,"""i̇""","""i̇""",,,,,"Turkish capital dotted I producing i + U+0307, not plain i",PASS
c25_fullwidth_key_equal,local_identifier_key_equal,key_equal,,left=\uff21 right=a,U+FF21,U+0061,True,"""a""",True,True,,,fullwidth Ａ and ascii lowercase a producing the same key,PASS
c26_e_acute_canonical_equal,canonical_equal,canonical_equal,,left=\xe9 right=e\u0301,U+00E9,U+0065|U+0301,True,,True,True,,,precomposed and decomposed é being canonically equal,PASS
c27_angstrom_canonical_equal,canonical_equal,canonical_equal,,left=\u212b right=\xc5,U+212B,U+00C5,True,,True,True,,,angstrom sign and U+00C5 being canonically equal,PASS
c28_ligature_codepoints,codepoints,success,,text=\ufb03,U+FB03,,"[""U+FB03""]","[""U+FB03""]",,,,,ligature U+FB03 as a single code point,PASS
c29_ffi_codepoints,codepoints,success,,text=ffi,U+0066|U+0066|U+0069,,"[""U+0066"", ""U+0066"", ""U+0069""]","[""U+0066"", ""U+0066"", ""U+0069""]",,,,,"ffi as three separate code points, distinct from the ligature",PASS
c30_circled_one_compat_equal,compatibility_equal,compatibility_equal,,left=\u2460 right=1,U+2460,U+0031,True,,True,True,,,circled digit one and ascii 1 being compatibility equal,PASS
c31_e_acute_compat_distinct,compatibility_equal,compatibility_distinct,,left=\xe9 right=e,U+00E9,U+0065,False,,False,False,,,precomposed é and plain e remaining compatibility distinct,PASS
c32_strasse_key_equal,local_identifier_key_equal,key_equal,,left=Stra\xdfe right=STRASSE,U+0053|U+0074|U+0072|U+0061|U+00DF|U+0065,U+0053|U+0054|U+0052|U+0041|U+0053|U+0053|U+0045,True,"""strasse""",True,True,,,Straße and STRASSE producing the same local key,PASS
c33_dotless_i_key_distinct,local_identifier_key_equal,key_distinct,,left=\u0131 right=i,U+0131,U+0069,False,"""ı""",False,False,,,dotless ı and ascii i producing different keys,PASS
c34_nfc_idempotent,is_normalized,idempotent,NFC,form=NFC text=Hello \xe9,U+0048|U+0065|U+006C|U+006C|U+006F|U+0020|U+00E9,,True,,True,True,,,NFC idempotence,PASS
c35_nfd_idempotent,is_normalized,idempotent,NFD,form=NFD text=e\u0301,U+0065|U+0301,,True,,True,True,,,NFD idempotence,PASS
c36_nfkc_idempotent,is_normalized,idempotent,NFKC,form=NFKC text=ffi 1 A,U+0066|U+0066|U+0069|U+0020|U+0031|U+0020|U+0041,,True,,True,True,,,NFKC idempotence,PASS
c37_nfkd_idempotent,is_normalized,idempotent,NFKD,form=NFKD text=e\u0301,U+0065|U+0301,,True,,True,True,,,NFKD idempotence,PASS
c38_concat_not_closed,concatenation_preserves_form,not_closed_under_concatenation,NFC,form=NFC left=a right=\u0301,U+0061,U+0301,False,,False,False,,,two individually NFC strings whose concatenation is not NFC,PASS
c39_lowercase_nfc_reject,normalize_text,invalid_form,nfc,form=nfc text=x,U+0078,,,,,,InvalidFormError,,lowercase nfc being rejected,PASS
c40_unknown_form_reject,normalize_text,invalid_form,NFQ,form=NFQ text=x,U+0078,,,,,,InvalidFormError,,unknown form NFQ being rejected,PASS
c41_codepoints_bytes_reject,codepoints,invalid_text,,text=b'x',,,,,,,InvalidTextError,,bytes text being rejected,PASS
c42_key_bytearray_reject,local_identifier_key,invalid_text,,text=bytearray(b'x'),,,,,,,InvalidTextError,,bytearray text being rejected,PASS
